subtype,edge_id,source,target,direction,p_x2y,p_y2x,direction_strength,info,n_subtypes
basal,jag1---pdgfrb,jag1,pdgfrb,jag1 -> pdgfrb,0.00121360479543114,0.998085802269552,0.9968721974741209,25.530293,1
basal,adam10---mapk9,mapk9,adam10,mapk9 -> adam10,0.995052318187128,0.0089606086602044,0.9860917095269236,33.961503,1
basal,rad51---sf3b1,rad51,sf3b1,rad51 -> sf3b1,5.00306012776473e-4,0.979914044122917,0.9794137381101405,37.477125,1
basal,ackr3---col12a1,ackr3,col12a1,ackr3 -> col12a1,0.0550397991002822,0.754945787580469,0.6999059884801868,42.585003,1
basal,col12a1---mmp11,mmp11,col12a1,mmp11 -> col12a1,0.5,3.04605180355717e-4,0.49969539481964426,85.988012,1
basal,col12a1---ptprd,ptprd,col12a1,ptprd -> col12a1,0.5,3.19197046746917e-4,0.49968080295325307,34.890878,1
basal,rad51c---sf3b1,rad51c,sf3b1,rad51c -> sf3b1,5.54821805137322e-4,0.5,0.49944517819486267,26.283826,1
basal,arid1a---sf3b1,arid1a,sf3b1,arid1a -> sf3b1,5.98143451064057e-4,0.5,0.49940185654893593,26.10377,1
basal,pdgfrb---tgfb3,tgfb3,pdgfrb,tgfb3 -> pdgfrb,0.5,0.00104893460944384,0.49895106539055617,93.71829,1
basal,jak1---serpini1,serpini1,jak1,serpini1 -> jak1,0.5,0.00127186850615884,0.49872813149384115,51.415878,1
basal,ackr3---pdgfrb,ackr3,pdgfrb,ackr3 -> pdgfrb,0.00179554394194108,0.5,0.4982044560580589,36.582724,1
basal,ar---frmd3,ar,frmd3,ar -> frmd3,0.00256120745219277,0.5,0.4974387925478072,26.210988,1
basal,frmd3---mmp7,mmp7,frmd3,mmp7 -> frmd3,0.5,0.00331767700416615,0.49668232299583387,25.618759,1
basal,frmd3---map2,map2,frmd3,map2 -> frmd3,0.5,0.00499796433066692,0.4950020356693331,17.651593,1
basal,myc---nrarp,nrarp,myc,nrarp -> myc,0.5,0.00604140275980542,0.4939585972401946,29.577285,1
basal,foxp1---myc,foxp1,myc,foxp1 -> myc,0.00657293969451666,0.5,0.49342706030548333,16.070785,1
basal,mmp11---pdgfrb,mmp11,pdgfrb,mmp11 -> pdgfrb,0.00867647095612863,0.5,0.4913235290438714,72.712489,1
basal,adam10---sf3b1,sf3b1,adam10,sf3b1 -> adam10,0.5,0.00896263262190456,0.49103736737809545,36.010075,1
basal,adam10---ncoa2,ncoa2,adam10,ncoa2 -> adam10,0.5,0.00953058357469697,0.490469416425303,40.150068,1
basal,eif4e---ncstn,ncstn,eif4e,ncstn -> eif4e,0.5,0.00978707611128519,0.4902129238887148,16.786065,1
basal,jak1---src,src,jak1,src -> jak1,0.5,0.0111599743286896,0.4888400256713104,19.605862,1
basal,jak1---mmp15,mmp15,jak1,mmp15 -> jak1,0.5,0.0123144273841209,0.4876855726158791,25.642978,1
basal,cdkn1b---zfp36l1,cdkn1b,zfp36l1,cdkn1b -> zfp36l1,0.0140697787835613,0.5,0.4859302212164387,64.359604,1
basal,cbfb---itgav,itgav,cbfb,itgav -> cbfb,0.5,0.016746288421439,0.483253711578561,31.5332,1
basal,arid5b---map2k1,arid5b,map2k1,arid5b -> map2k1,0.0174547683527245,0.5,0.4825452316472755,16.796355,1
basal,kdm3a---zfp36l1,kdm3a,zfp36l1,kdm3a -> zfp36l1,0.0229361840633385,0.5,0.4770638159366615,34.090136,1
basal,abcc10---adam10,abcc10,adam10,abcc10 -> adam10,0.0308169044968988,0.5,0.4691830955031012,21.064457,1
basal,col12a1---mmp3,mmp3,col12a1,mmp3 -> col12a1,0.5,0.0370556913332425,0.4629443086667575,22.878315,1
basal,map2---mmp7,map2,mmp7,map2 -> mmp7,0.0577942610083433,0.5,0.4422057389916567,17.502171,1
basal,foxp1---map3k1,foxp1,map3k1,foxp1 -> map3k1,0.0639219188132091,0.5,0.4360780811867909,18.286078,1
basal,eif4e---sdc4,sdc4,eif4e,sdc4 -> eif4e,0.5,0.0716599261744806,0.4283400738255194,16.082015,1
basal,col12a1---itgav,itgav,col12a1,itgav -> col12a1,0.5,0.0869907067060458,0.4130092932939542,37.680045,1
basal,erbb4---zfp36l1,zfp36l1,erbb4,zfp36l1 -> erbb4,0.5,0.0914460165320874,0.4085539834679126,23.339906,1
basal,pms2---rad51,rad51,pms2,rad51 -> pms2,0.5,0.0972758992751764,0.4027241007248236,27.42285,1
basal,bmf---runx1,bmf,runx1,bmf -> runx1 (weak),0.103581710298014,0.5,0.396418289701986,15.223708,1
basal,akap9---mmp19,akap9,mmp19,akap9 -> mmp19 (weak),0.113856309802175,0.5,0.386143690197825,18.972129,1
basal,itgav---rps6kb2,itgav,rps6kb2,itgav -> rps6kb2 (weak),0.124919142097041,0.5,0.375080857902959,23.593434,1
basal,kdm6a---slc19a1,slc19a1,kdm6a,slc19a1 -> kdm6a (weak),0.5,0.125862353938355,0.374137646061645,15.374422,1
basal,mmp19---utrn,utrn,mmp19,utrn -> mmp19 (weak),0.5,0.145659170790181,0.354340829209819,51.802421,1
basal,col12a1---smad7,smad7,col12a1,smad7 -> col12a1 (weak),0.5,0.158633310421054,0.341366689578946,18.479593,1
basal,foxo3---runx1,foxo3,runx1,foxo3 -> runx1 (weak),0.163507448982269,0.5,0.336492551017731,16.766895,1
basal,myc---plagl1,plagl1,myc,plagl1 -> myc (weak),0.5,0.189048676337742,0.310951323662258,13.997558,1
basal,jak1---sf3b1,sf3b1,jak1,undirected,0.221748228722682,1.0032633352808e-4,0.2216479023891539,38.757795,1
her2,arid5b---map4,map4,arid5b,map4 -> arid5b,0.959381569394789,4.32288393947455e-4,0.9589492810008415,45.4338,1
her2,itgav---tnk2,tnk2,itgav,tnk2 -> itgav,0.902664649065641,0.00274726096237684,0.8999173881032642,55.321381,1
her2,gata3---map3k5,map3k5,gata3,map3k5 -> gata3 (weak),0.999493234226225,0.113094376648873,0.886398857577352,27.065702,1
her2,hras---map4,hras,map4,hras -> map4,0.0406184450243222,0.889961927211099,0.8493434821867768,34.290176,1
her2,asxl2---map4,asxl2,map4,asxl2 -> map4,0.0427502647427235,0.785386432642983,0.7426361679002595,31.880708,1
her2,ccnd2---csf1r,csf1r,ccnd2,csf1r -> ccnd2 (weak),0.686667215548187,0.149532707098857,0.53713450844933,46.725877,1
her2,eif4e---itgav,eif4e,itgav,eif4e -> itgav,0.00274716558478044,0.522297806322345,0.5195506407375646,61.54471,1
her2,hey1---pdgfrb,hey1,pdgfrb,hey1 -> pdgfrb,3.22897609107594e-6,0.5,0.49999677102390894,32.811778,1
her2,arid5b---jak1,jak1,arid5b,jak1 -> arid5b,0.5,4.35171162249541e-4,0.49956482883775044,47.953259,1
her2,arid5b---sdc4,sdc4,arid5b,sdc4 -> arid5b,0.5,5.69528342852135e-4,0.4994304716571479,35.090175,1
her2,heyl---jag1,jag1,heyl,jag1 -> heyl,0.5,9.474360609997e-4,0.4990525639390003,54.639618,1
her2,arid5b---hdac2,hdac2,arid5b,hdac2 -> arid5b,0.5,0.00222476116679146,0.49777523883320857,26.905118,1
her2,acvr1---itgav,acvr1,itgav,acvr1 -> itgav,0.00274716558444712,0.5,0.4972528344155529,53.247369,1
her2,adam10---itgav,adam10,itgav,adam10 -> itgav,0.00274716558444973,0.5,0.4972528344155503,87.220845,1
her2,hsd17b6---itgav,hsd17b6,itgav,hsd17b6 -> itgav,0.00274716558528497,0.5,0.497252834414715,80.653517,1
her2,fgf1---itgav,fgf1,itgav,fgf1 -> itgav,0.00274724421748981,0.5,0.4972527557825102,46.486132,1
her2,arid1a---itgav,arid1a,itgav,arid1a -> itgav,0.00274741029431758,0.5,0.4972525897056824,58.891619,1
her2,ctnna1---itgav,ctnna1,itgav,ctnna1 -> itgav,0.00274748598265974,0.5,0.4972525140173403,41.233424,1
her2,akt1s1---itgav,akt1s1,itgav,akt1s1 -> itgav,0.00275871685932437,0.5,0.4972412831406756,42.069885,1
her2,itgav---ptprm,ptprm,itgav,ptprm -> itgav,0.5,0.00309786413952106,0.49690213586047893,62.823781,1
her2,epcam---zfp36l1,zfp36l1,epcam,zfp36l1 -> epcam,0.5,0.00386010979815755,0.49613989020184246,56.881194,1
her2,itgav---mmp13,mmp13,itgav,mmp13 -> itgav,0.5,0.00493509200354206,0.4950649079964579,52.264036,1
her2,adgra2---peg3,peg3,adgra2,peg3 -> adgra2,0.5,0.00560419197430409,0.49439580802569594,30.908893,1
her2,map3k1---pbrm1,pbrm1,map3k1,pbrm1 -> map3k1,0.5,0.00637128565625515,0.49362871434374483,34.113136,1
her2,epcam---ppp2cb,ppp2cb,epcam,ppp2cb -> epcam,0.5,0.0135275839088463,0.4864724160911537,51.501233,1
her2,foxp1---jak1,foxp1,jak1,foxp1 -> jak1,0.0552761961119637,0.541209799627004,0.4859336035150403,48.478222,1
her2,notch3---rad51c,rad51c,notch3,rad51c -> notch3,0.5,0.0157667831412825,0.4842332168587175,17.523331,1
her2,map2k1---map4,map2k1,map4,map2k1 -> map4,0.0406184306057405,0.5,0.4593815693942595,69.192102,1
her2,ccnd1---map4,ccnd1,map4,ccnd1 -> map4,0.0406185261931128,0.5,0.4593814738068872,32.557823,1
her2,map4---smad4,smad4,map4,smad4 -> map4,0.5,0.0406191310129258,0.4593808689870742,54.688922,1
her2,map4---pdgfa,pdgfa,map4,pdgfa -> map4,0.5,0.0406209219220831,0.4593790780779169,38.305366,1
her2,maml3---map4,maml3,map4,maml3 -> map4,0.0406334097545781,0.5,0.4593665902454219,32.692938,1
her2,map4---smad7,smad7,map4,smad7 -> map4,0.5,0.0406410248998314,0.4593589751001686,41.049924,1
her2,dab2---hsd17b10,hsd17b10,dab2,hsd17b10 -> dab2,0.5,0.0411347604960953,0.4588652395039047,15.232987,1
her2,fbxw7---gdf11,gdf11,fbxw7,gdf11 -> fbxw7,0.5,0.0411694562626955,0.4588305437373045,36.600913,1
her2,map4---st7,st7,map4,st7 -> map4,0.5,0.0412744071239439,0.4587255928760561,52.238615,1
her2,casp9---fbxw7,casp9,fbxw7,casp9 -> fbxw7,0.0474364810270397,0.5,0.4525635189729603,24.656805,1
her2,itgav---kdr,kdr,itgav,kdr -> itgav,0.5,0.0480202084683166,0.4519797915316834,19.147364,1
her2,map4---pms2,map4,pms2,map4 -> pms2,0.0515893621764511,0.5,0.4484106378235489,55.156193,1
her2,kdm3a---prkcq,prkcq,kdm3a,prkcq -> kdm3a,0.5,0.0520761552894875,0.4479238447105125,17.522781,1
her2,jak1---plagl1,plagl1,jak1,plagl1 -> jak1,0.5,0.055276196136734,0.444723803863266,42.601644,1
her2,adam17---jak1,adam17,jak1,adam17 -> jak1,0.0552761961755119,0.5,0.4447238038244881,61.76228,1
her2,jak1---ncor1,ncor1,jak1,ncor1 -> jak1,0.5,0.0552823255614828,0.4447176744385172,44.766966,1
her2,jak1---smad4,smad4,jak1,smad4 -> jak1,0.5,0.0563119753220477,0.4436880246779523,49.981065,1
her2,jak1---shank2,shank2,jak1,shank2 -> jak1,0.5,0.0564789976635209,0.4435210023364791,24.098426,1
her2,jak1---smad1,smad1,jak1,smad1 -> jak1,0.5,0.0596880079941668,0.4403119920058332,35.463411,1
her2,acvr2b---jak1,acvr2b,jak1,acvr2b -> jak1,0.0625059604336854,0.5,0.4374940395663146,53.111185,1
her2,gdf11---ncoa2,gdf11,ncoa2,gdf11 -> ncoa2,0.0786552511040012,0.5,0.4213447488959988,22.71271,1
her2,epcam---rab25,rab25,epcam,rab25 -> epcam,0.5,0.0916620543027343,0.40833794569726567,16.408769,1
her2,smarcd1---tnk2,smarcd1,tnk2,smarcd1 -> tnk2,0.0978497155535647,0.5,0.4021502844464353,31.748413,1
her2,spen---tnk2,spen,tnk2,spen -> tnk2,0.0981098251080931,0.5,0.4018901748919069,22.197524,1
her2,fbxw7---mapk9,mapk9,fbxw7,mapk9 -> fbxw7,0.442204979069662,0.0404502519139454,0.4017547271557166,52.205098,1
her2,cdkn1a---tnk2,cdkn1a,tnk2,cdkn1a -> tnk2 (weak),0.10135199065493,0.5,0.39864800934507,16.107893,1
her2,cdk6---gata3,gata3,cdk6,gata3 -> cdk6 (weak),0.5,0.110540437088091,0.389459562911909,40.323039,1
her2,adgra2---tgfbr3,tgfbr3,adgra2,tgfbr3 -> adgra2 (weak),0.5,0.113475948373378,0.386524051626622,21.20532,1
her2,e2f3---foxo3,e2f3,foxo3,e2f3 -> foxo3 (weak),0.160143399568295,0.5,0.339856600431705,14.4217,1
her2,src---tnk2,src,tnk2,src -> tnk2 (weak),0.16564758884459,0.5,0.33435241115541003,19.902241,1
her2,adgra2---dph1,dph1,adgra2,dph1 -> adgra2 (weak),0.5,0.178490824477191,0.321509175522809,16.953194,1
her2,epcam---tnk2,epcam,tnk2,epcam -> tnk2 (weak),0.0986279956920377,0.336175511123873,0.2375475154318353,33.792703,1
luma,spry2---tgfbr3,tgfbr3,spry2,tgfbr3 -> spry2,0.999993763862007,1.30837058193172e-6,0.999992455491425,51.867407,1
luma,ccnd2---jak2,jak2,ccnd2,jak2 -> ccnd2,0.999868317710554,1.76621790160593e-10,0.9998683175339321,48.806987,1
luma,cdh1---mmp15,mmp15,cdh1,mmp15 -> cdh1,0.997181567375503,3.71945310032665e-4,0.9968096220654703,24.522617,1
luma,ptk2---ubr5,ubr5,ptk2,ubr5 -> ptk2,0.999998649547292,0.00684977339905872,0.9931488761482333,119.607865,1
luma,ccnd2---nr2f1,nr2f1,ccnd2,nr2f1 -> ccnd2,0.985894677318669,3.59302859083627e-9,0.9858946737256404,105.105549,1
luma,ccnd2---rab25,rab25,ccnd2,rab25 -> ccnd2,0.977225840660717,4.58587055074115e-5,0.9771799819552096,23.919314,1
luma,large1---srd5a1,srd5a1,large1,srd5a1 -> large1,0.980603018510069,0.016861309749884,0.9637417087601851,24.188689,1
luma,ncstn---rab25,rab25,ncstn,rab25 -> ncstn,0.971325680653686,0.0336401398968521,0.9376855407568339,51.523899,1
luma,adgra2---dab2,dab2,adgra2,dab2 -> adgra2,0.929944021672038,0.00209241942913789,0.9278516022429002,108.980566,1
luma,dab2---eif5a2,eif5a2,dab2,eif5a2 -> dab2,0.987950765212223,0.070056190292949,0.9178945749192741,114.349083,1
luma,eif4e---thada,thada,eif4e,thada -> eif4e,0.903786651250498,1.50012401750948e-8,0.9037866362492578,56.728353,1
luma,akr1c2---akr1c4,akr1c4,akr1c2,akr1c4 -> akr1c2 (weak),0.999998110884856,0.110977877070825,0.8890202338140311,426.46317,1
luma,ncor1---pdgfra,ncor1,pdgfra,ncor1 -> pdgfra,0.0615896885845641,0.892583654654221,0.8309939660696568,35.293844,1
luma,jak1---mapk9,mapk9,jak1,mapk9 -> jak1,0.708581373846708,8.90350454360371e-9,0.7085813649432036,104.324039,1
luma,cyp21a2---hsd17b4,cyp21a2,hsd17b4,cyp21a2 -> hsd17b4,0.00260631643812158,0.689944763063922,0.6873384466258005,34.914359,1
luma,jak1---ncoa2,ncoa2,jak1,ncoa2 -> jak1,0.621897848449083,8.955449404600721e-9,0.6218978394936336,115.725755,1
luma,mapk14---sf3b1,mapk14,sf3b1,mapk14 -> sf3b1,3.84496255488916e-10,0.5,0.49999999961550373,170.66497,1
luma,sf3b1---smad1,smad1,sf3b1,smad1 -> sf3b1,0.5,4.2494213648805e-10,0.49999999957505786,101.028669,1
luma,jak1---smad7,smad7,jak1,smad7 -> jak1,0.5,8.90350454363687e-9,0.49999999109649546,72.525565,1
luma,afdn---jak1,afdn,jak1,afdn -> jak1,8.903709823944761e-9,0.5,0.4999999910962902,73.452719,1
luma,ccnd2---dll1,dll1,ccnd2,dll1 -> ccnd2,0.5,1.02220241677539e-8,0.49999998977797583,59.865538,1
luma,jak1---map4,map4,jak1,map4 -> jak1,0.5,1.48211742865755e-8,0.4999999851788257,75.494254,1
luma,eif4e---tbl1xr1,tbl1xr1,eif4e,tbl1xr1 -> eif4e,0.5,1.5566331999062e-8,0.499999984433668,48.640612,1
luma,eif5a2---sf3b1,eif5a2,sf3b1,eif5a2 -> sf3b1,1.89153082933636e-7,0.5,0.4999998108469171,69.742193,1
luma,eif4e---fbxw7,fbxw7,eif4e,fbxw7 -> eif4e,0.5,3.42244305712936e-7,0.49999965775569427,59.38558,1
luma,ccnb1---plagl1,plagl1,ccnb1,plagl1 -> ccnb1,0.5,7.23234666922279e-7,0.49999927676533307,43.909933,1
luma,eif4e---map3k3,map3k3,eif4e,map3k3 -> eif4e,0.5,1.511512874344e-6,0.49999848848712564,55.069232,1
luma,akr1c4---igf1,igf1,akr1c4,igf1 -> akr1c4,0.5,1.88911533276002e-6,0.4999981108846672,64.543419,1
luma,ncoa3---ubr5,ncoa3,ubr5,ncoa3 -> ubr5,3.3507322961662e-6,0.5,0.4999966492677038,56.831224,1
luma,akr1c4---klrg1,klrg1,akr1c4,klrg1 -> akr1c4,0.5,7.48766648840361e-6,0.4999925123335116,41.413123,1
luma,cbfb---erbb2,erbb2,cbfb,erbb2 -> cbfb,0.5,1.36164069909578e-5,0.49998638359300906,45.478109,1
luma,eif4e---nt5e,nt5e,eif4e,nt5e -> eif4e,0.5,6.41296120909929e-5,0.499935870387909,81.166543,1
luma,fn1---hsd17b6,fn1,hsd17b6,fn1 -> hsd17b6,8.3525992898866e-5,0.5,0.49991647400710115,207.58138,1
luma,ctnna1---hsd17b6,ctnna1,hsd17b6,ctnna1 -> hsd17b6,8.35279584538822e-5,0.5,0.4999164720415461,64.571243,1
luma,fgf1---hsd17b6,fgf1,hsd17b6,fgf1 -> hsd17b6,8.35718390934725e-5,0.5,0.49991642816090653,123.965599,1
luma,eif4e---raf1,raf1,eif4e,raf1 -> eif4e,0.5,1.53781750900519e-4,0.49984621824909947,55.642359,1
luma,asxl1---eif4e,asxl1,eif4e,asxl1 -> eif4e,2.30246312558078e-4,0.5,0.4997697536874419,86.375485,1
luma,setd2---spen,setd2,spen,setd2 -> spen,2.53179124546739e-4,0.5,0.49974682087545325,83.906741,1
luma,col6a3---tgfb3,tgfb3,col6a3,tgfb3 -> col6a3,0.5,2.64174682416047e-4,0.4997358253175839,218.197299,1
luma,arid5b---col6a3,arid5b,col6a3,arid5b -> col6a3,2.64174682543202e-4,0.5,0.4997358253174568,86.5866,1
luma,hdac2---lifr,hdac2,lifr,hdac2 -> lifr,2.89704719847727e-4,0.5,0.49971029528015226,62.338746,1
luma,ccnb1---ptprm,ptprm,ccnb1,ptprm -> ccnb1,0.5,3.03563175420318e-4,0.4996964368245797,50.115634,1
luma,akr1c4---pik3r3,pik3r3,akr1c4,pik3r3 -> akr1c4,0.5,3.03821251765182e-4,0.4996961787482348,35.986087,1
luma,ccnd2---hsd17b10,hsd17b10,ccnd2,hsd17b10 -> ccnd2,0.5,3.90010506263016e-4,0.499609989493737,40.574993,1
luma,bmp4---col6a3,bmp4,col6a3,bmp4 -> col6a3,3.96802941381117e-4,0.5,0.4996031970586189,33.885,1
luma,ccnd2---map2k4,map2k4,ccnd2,map2k4 -> ccnd2,0.5,4.35697953672873e-4,0.4995643020463271,30.194105,1
luma,ccnb1---ncoa3,ncoa3,ccnb1,ncoa3 -> ccnb1,0.5,9.49575300241425e-4,0.4990504246997586,55.955807,1
luma,nfkb1---runx1,nfkb1,runx1,nfkb1 -> runx1,0.001040413292869,0.5,0.498959586707131,21.267507,1
luma,tnk2---tsc2,tnk2,tsc2,tnk2 -> tsc2,0.00141307179754439,0.5,0.4985869282024556,121.399332,1
luma,smarcd1---tsc2,smarcd1,tsc2,smarcd1 -> tsc2,0.00141322279139328,0.5,0.4985867772086067,105.753304,1
luma,ccnd2---ncstn,ncstn,ccnd2,ncstn -> ccnd2,0.5,0.00166243627327747,0.49833756372672255,32.793397,1
luma,adgra2---nr2f1,nr2f1,adgra2,nr2f1 -> adgra2,0.5,0.00209241941549296,0.497907580584507,128.899608,1
luma,adgra2---plagl1,plagl1,adgra2,plagl1 -> adgra2,0.5,0.00209241941785483,0.4979075805821452,123.71136,1
luma,adgra2---map3k3,map3k3,adgra2,map3k3 -> adgra2,0.5,0.00209241943713013,0.4979075805628699,58.87961,1
luma,adgra2---cyp11a1,cyp11a1,adgra2,cyp11a1 -> adgra2,0.5,0.00209249429966852,0.4979075057003315,62.322342,1
luma,adgra2---mmp3,mmp3,adgra2,mmp3 -> adgra2,0.5,0.0021627933223655,0.4978372066776345,99.08912,1
luma,lifr---spry2,lifr,spry2,lifr -> spry2,0.0021655470718403,0.5,0.4978344529281597,89.682983,1
luma,adgra2---st7,st7,adgra2,st7 -> adgra2,0.5,0.00224923707449324,0.49775076292550674,55.53087,1
luma,birc6---ubr5,birc6,ubr5,birc6 -> ubr5,0.00403802921477829,0.5,0.4959619707852217,36.385128,1
luma,bmp7---col6a3,bmp7,col6a3,bmp7 -> col6a3,0.00426533752444213,0.5,0.49573466247555786,43.191304,1
luma,mmp15---sdc4,sdc4,mmp15,sdc4 -> mmp15,0.5,0.00495332716161427,0.4950466728383857,53.856809,1
luma,hdac1---spen,hdac1,spen,hdac1 -> spen,0.00516851044592109,0.5,0.4948314895540789,63.899297,1
luma,maml1---spry2,maml1,spry2,maml1 -> spry2,0.00518758550105515,0.5,0.49481241449894486,42.735907,1
luma,notch1---spen,notch1,spen,notch1 -> spen,0.00548770667856822,0.5,0.49451229332143176,65.339724,1
luma,akt1s1---jak1,akt1s1,jak1,akt1s1 -> jak1,0.00594327353842355,0.5,0.49405672646157645,75.883795,1
luma,akt1---tsc2,akt1,tsc2,akt1 -> tsc2,0.00623978060995505,0.5,0.49376021939004494,89.50275,1
luma,slc19a1---spry2,slc19a1,spry2,slc19a1 -> spry2,0.00657088833889769,0.5,0.4934291116611023,42.749358,1
luma,ccnb1---rad51,rad51,ccnb1,rad51 -> ccnb1,0.5,0.0073481078195105,0.4926518921804895,61.487549,1
luma,rbpj---sf3b1,rbpj,sf3b1,rbpj -> sf3b1,0.00760975955051906,0.5,0.49239024044948093,60.191006,1
luma,eif5a2---map4,map4,eif5a2,map4 -> eif5a2,0.5,0.0120492348110035,0.4879507651889965,55.876699,1
luma,casp8---eif5a2,casp8,eif5a2,casp8 -> eif5a2,0.0120538452077729,0.5,0.4879461547922271,69.87164,1
luma,e2f3---eif5a2,e2f3,eif5a2,e2f3 -> eif5a2,0.0120784445060486,0.5,0.4879215554939514,38.082906,1
luma,akt1s1---smad7,akt1s1,smad7,akt1s1 -> smad7,0.0131101371257319,0.5,0.4868898628742681,55.845294,1
luma,eif4e---rad51,rad51,eif4e,rad51 -> eif4e,0.5,0.0132625298091006,0.4867374701908994,36.208774,1
luma,eif5a2---runx1,runx1,eif5a2,runx1 -> eif5a2,0.5,0.0169449680634635,0.4830550319365365,58.461855,1
luma,map2k1---myc,myc,map2k1,myc -> map2k1,0.5,0.0201217856482722,0.4798782143517278,88.65354,1
luma,map2k1---map3k1,map3k1,map2k1,map3k1 -> map2k1,0.5,0.0202108974031854,0.4797891025968146,29.015119,1
luma,jak1---jak2,jak2,jak1,jak2 -> jak1,0.5,0.0203848443736698,0.4796151556263302,35.158576,1
luma,eif5a2---mmp11,eif5a2,mmp11,eif5a2 -> mmp11,0.0213057728278231,0.5,0.4786942271721769,71.168889,1
luma,chd1---ubr5,chd1,ubr5,chd1 -> ubr5,0.0215991658119835,0.5,0.4784008341880165,104.580919,1
luma,mmp1---mmp11,mmp1,mmp11,mmp1 -> mmp11,0.0216777774831281,0.5,0.4783222225168719,43.462674,1
luma,srd5a1---wfdc2,wfdc2,srd5a1,wfdc2 -> srd5a1,0.5,0.0244413822940196,0.4755586177059804,22.119331,1
luma,jak1---utrn,utrn,jak1,utrn -> jak1,0.5,0.0262493907403678,0.4737506092596322,35.703199,1
luma,rab25---sox9,sox9,rab25,sox9 -> rab25,0.5,0.0286743865291723,0.4713256134708277,36.245069,1
luma,hsd17b7---rab25,hsd17b7,rab25,hsd17b7 -> rab25,0.0288145364596378,0.5,0.4711854635403622,31.172877,1
luma,map2k1---rad51c,rad51c,map2k1,rad51c -> map2k1,0.5,0.053963002438879,0.44603699756112103,52.627888,1
luma,map2k4---srd5a1,map2k4,srd5a1,map2k4 -> srd5a1,0.0540937032393617,0.5,0.4459062967606383,37.688564,1
luma,igf1---pdgfra,igf1,pdgfra,igf1 -> pdgfra,0.0611293666908336,0.5,0.4388706333091664,283.684977,1
luma,mmp3---pdgfra,mmp3,pdgfra,mmp3 -> pdgfra,0.0611293666908336,0.5,0.4388706333091664,182.945001,1
luma,acvr1---pdgfra,acvr1,pdgfra,acvr1 -> pdgfra,0.0611293666908336,0.5,0.4388706333091664,162.807272,1
luma,acvr2a---pdgfra,acvr2a,pdgfra,acvr2a -> pdgfra,0.0611293666908336,0.5,0.4388706333091664,149.624123,1
luma,ccnd1---pdgfra,ccnd1,pdgfra,ccnd1 -> pdgfra,0.0611293667950922,0.5,0.4388706332049078,70.549299,1
luma,gata3---pdgfra,gata3,pdgfra,gata3 -> pdgfra,0.0611293772109657,0.5,0.4388706227890343,62.431512,1
luma,pdgfra---wfdc2,wfdc2,pdgfra,wfdc2 -> pdgfra,0.5,0.0611304652108128,0.4388695347891872,42.261371,1
luma,pdgfra---ptpn22,ptpn22,pdgfra,ptpn22 -> pdgfra,0.5,0.0611584415150017,0.4388415584849983,64.551007,1
luma,kdm6a---sf3b1,kdm6a,sf3b1,kdm6a -> sf3b1,0.0612415050434645,0.5,0.4387584949565355,79.658957,1
luma,ackr3---pdgfra,ackr3,pdgfra,ackr3 -> pdgfra,0.0630606801440138,0.5,0.4369393198559862,61.039208,1
luma,fam20c---ptprm,fam20c,ptprm,fam20c -> ptprm,0.0635599468803938,0.5,0.4364400531196062,71.69099,1
luma,eif5a2---fam20c,fam20c,eif5a2,fam20c -> eif5a2,0.5,0.0659028009150355,0.43409719908496447,39.66356,1
luma,hsd17b6---stmn2,stmn2,hsd17b6,stmn2 -> hsd17b6,0.5,0.0684873046600323,0.4315126953399677,73.246804,1
luma,hsd17b6---syne1,syne1,hsd17b6,syne1 -> hsd17b6,0.5,0.0690042707481054,0.4309957292518946,119.536327,1
luma,dab2---foxo3,foxo3,dab2,foxo3 -> dab2,0.5,0.0700560032563281,0.4299439967436719,66.002983,1
luma,ccnd1---hsd17b6,ccnd1,hsd17b6,ccnd1 -> hsd17b6,0.0731089278337595,0.5,0.4268910721662405,50.517479,1
luma,bcl2l1---ncor2,ncor2,bcl2l1,ncor2 -> bcl2l1,0.420880746765318,2.80734070992299e-4,0.42060001269432573,44.184833,1
luma,asxl2---spen,asxl2,spen,asxl2 -> spen,0.00510242183218245,0.412160443890287,0.40705802205810454,71.978961,1
luma,map2k2---mapk6,mapk6,map2k2,mapk6 -> map2k2 (weak),0.50801431550163,0.107921433761279,0.400092881740351,73.60346,1
luma,bcl2l1---notch2,notch2,bcl2l1,notch2 -> bcl2l1 (weak),0.5,0.10042804822728,0.39957195177272,26.128274,1
luma,map2k2---smad4,smad4,map2k2,smad4 -> map2k2 (weak),0.5,0.107921433388991,0.392078566611009,88.510382,1
luma,map2k2---tnk2,tnk2,map2k2,tnk2 -> map2k2 (weak),0.5,0.107921433393464,0.392078566606536,103.803573,1
luma,map2k2---mtor,mtor,map2k2,mtor -> map2k2 (weak),0.5,0.107921434678101,0.392078565321899,61.255518,1
luma,map2k2---notch3,notch3,map2k2,notch3 -> map2k2 (weak),0.5,0.107921442051713,0.392078557948287,76.74224,1
luma,map2k2---syne1,syne1,map2k2,syne1 -> map2k2 (weak),0.5,0.107975150538011,0.392024849461989,64.496818,1
luma,akt1s1---map2k2,akt1s1,map2k2,akt1s1 -> map2k2 (weak),0.108010099050742,0.5,0.391989900949258,76.588527,1
luma,map2k2---src,src,map2k2,src -> map2k2 (weak),0.5,0.109348624849613,0.390651375150387,69.353433,1
luma,ncoa3---ncor1,ncoa3,ncor1,ncoa3 -> ncor1 (weak),0.110290772479133,0.5,0.389709227520867,26.00349,1
luma,ncstn---nras,nras,ncstn,nras -> ncstn (weak),0.483132104746632,0.102015633144451,0.381116471602181,62.324315,1
luma,map2k2---nfkb2,nfkb2,map2k2,nfkb2 -> map2k2 (weak),0.5,0.126001879519254,0.373998120480746,68.381371,1
luma,gldc---rab25,gldc,rab25,gldc -> rab25 (weak),0.14467102573983,0.5,0.35532897426016996,18.145985,1
luma,pdgfra---tnk2,tnk2,pdgfra,tnk2 -> pdgfra (weak),0.5,0.145614132940031,0.354385867059969,61.27502,1
luma,bcl2l1---mapk3,mapk3,bcl2l1,mapk3 -> bcl2l1 (weak),0.5,0.168614140445143,0.331385859554857,55.963425,1
luma,map2k2---rps6kb2,map2k2,rps6kb2,map2k2 -> rps6kb2 (weak),0.170154709887901,0.5,0.329845290112099,49.402406,1
luma,eif5a2---ncoa3,ncoa3,eif5a2,ncoa3 -> eif5a2 (weak),0.5,0.172038754681434,0.32796124531856596,50.00567,1
luma,arid5b---ccnd1,arid5b,ccnd1,arid5b -> ccnd1 (weak),0.172331532439227,0.5,0.327668467560773,64.64609,1
luma,ccne1---rps6kb2,ccne1,rps6kb2,ccne1 -> rps6kb2 (weak),0.179079521742328,0.5,0.320920478257672,79.067288,1
luma,cdk6---pdgfra,cdk6,pdgfra,undirected,0.0611293666908349,0.293631584149259,0.2325022174584241,131.8204,1
lumb,ptk2---slc19a1,slc19a1,ptk2,slc19a1 -> ptk2,0.986628553123054,6.62748904505102e-4,0.9859658042185488,34.019723,1
lumb,notch3---pdgfrb,notch3,pdgfrb,notch3 -> pdgfrb,7.52907928414178e-6,0.969982460673724,0.9699749315944398,92.370085,1
lumb,ccnb1---dlec1,dlec1,ccnb1,dlec1 -> ccnb1,0.999884837711203,0.0390671016518041,0.9608177360593989,19.850606,1
lumb,asxl1---foxo3,foxo3,asxl1,foxo3 -> asxl1,0.928072643013414,0.00464800336774522,0.9234246396456688,42.290558,1
lumb,ncoa3---sdc4,sdc4,ncoa3,sdc4 -> ncoa3,0.930064829686142,0.0116576962909771,0.9184071333951649,30.607032,1
lumb,asxl2---map2k2,asxl2,map2k2,asxl2 -> map2k2,0.0815238934036945,0.997817212033128,0.9162933186294335,36.366972,1
lumb,ctcf---e2f4,e2f4,ctcf,e2f4 -> ctcf,0.909074971505304,6.68321579383277e-5,0.9090081393473657,30.834692,1
lumb,cyp19a1---thsd7a,thsd7a,cyp19a1,thsd7a -> cyp19a1 (weak),0.999857315322141,0.140066633071158,0.859790682250983,17.58382,1
lumb,mapk6---tnk2,mapk6,tnk2,mapk6 -> tnk2 (weak),0.10362953909479,0.886225568429354,0.782596029334564,44.150872,1
lumb,cbfb---erbb3,erbb3,cbfb,erbb3 -> cbfb,0.713967580037182,0.0327491332830481,0.6812184467541339,27.204328,1
lumb,cbfb---cdh1,cdh1,cbfb,cdh1 -> cbfb,0.658070034054563,5.3879593798391e-6,0.6580646460951831,48.025717,1
lumb,epcam---ncstn,ncstn,epcam,ncstn -> epcam (weak),0.725369355587026,0.114316591185347,0.611052764401679,50.107834,1
lumb,pdgfrb---plagl1,plagl1,pdgfrb,plagl1 -> pdgfrb,0.5,5.59860328793241e-10,0.4999999994401397,83.923441,1
lumb,pdgfrb---ptprm,ptprm,pdgfrb,ptprm -> pdgfrb,0.5,5.5986087547836e-10,0.4999999994401391,105.826156,1
lumb,hey2---pdgfrb,hey2,pdgfrb,hey2 -> pdgfrb,5.59894755645432e-10,0.5,0.49999999944010526,100.967477,1
lumb,dll1---pdgfrb,dll1,pdgfrb,dll1 -> pdgfrb,5.60002842735396e-10,0.5,0.4999999994399972,89.145869,1
lumb,pdgfrb---runx1,runx1,pdgfrb,runx1 -> pdgfrb,0.5,6.67270776030578e-10,0.4999999993327292,71.055765,1
lumb,notch1---pdgfrb,notch1,pdgfrb,notch1 -> pdgfrb,1.76218215714212e-6,0.5,0.49999823781784286,54.211627,1
lumb,arid5b---ccnd2,arid5b,ccnd2,arid5b -> ccnd2,6.77558851330802e-6,0.5,0.4999932244114867,47.80928,1
lumb,ncstn---rad51c,ncstn,rad51c,ncstn -> rad51c,0.00162343023734809,0.5,0.49837656976265193,20.121104,1
lumb,casp8---mapk14,mapk14,casp8,mapk14 -> casp8,0.5,0.00182992996566835,0.49817007003433167,60.430539,1
lumb,itgav---jak1,itgav,jak1,itgav -> jak1,0.00230407167915766,0.5,0.49769592832084236,51.539251,1
lumb,jak1---kdm6a,kdm6a,jak1,kdm6a -> jak1,0.5,0.00269890256729432,0.4973010974327057,29.036272,1
lumb,hdac9---thsd7a,hdac9,thsd7a,hdac9 -> thsd7a,0.00318820293814401,0.5,0.49681179706185596,43.239415,1
lumb,cdh1---rbl2,rbl2,cdh1,rbl2 -> cdh1,0.5,0.00335537744878548,0.4966446225512145,38.955377,1
lumb,asxl1---casp8,casp8,asxl1,casp8 -> asxl1,0.5,0.00425777442747952,0.49574222557252046,47.117805,1
lumb,arid2---kdm3a,kdm3a,arid2,kdm3a -> arid2,0.5,0.00508531436841864,0.49491468563158136,65.930982,1
lumb,ccnd1---ncor2,ccnd1,ncor2,ccnd1 -> ncor2,0.00527877829338423,0.5,0.49472122170661575,25.770927,1
lumb,ncoa3---ptprm,ptprm,ncoa3,ptprm -> ncoa3,0.5,0.00860234181687237,0.49139765818312764,23.334952,1
lumb,numbl---thsd7a,thsd7a,numbl,thsd7a -> numbl,0.5,0.00962710157396529,0.4903728984260347,35.003702,1
lumb,ncoa3---src,src,ncoa3,src -> ncoa3,0.5,0.00994562590311174,0.49005437409688823,39.952407,1
lumb,erbb3---tnk2,tnk2,erbb3,tnk2 -> erbb3,0.5,0.0324913292874476,0.4675086707125524,53.202303,1
lumb,map2k1---mmp19,mmp19,map2k1,mmp19 -> map2k1,0.5,0.0327848047064754,0.4672151952935246,20.401162,1
lumb,ncor2---pdgfrb,ncor2,pdgfrb,ncor2 -> pdgfrb,0.0380594370562148,0.5,0.4619405629437852,25.053684,1
lumb,tnk2---vegfa,vegfa,tnk2,vegfa -> tnk2,0.5,0.0475420847826782,0.4524579152173218,34.709653,1
lumb,asxl1---map3k3,map3k3,asxl1,map3k3 -> asxl1,0.5,0.0482170442000904,0.45178295579990957,29.893055,1
lumb,foxo3---notch3,foxo3,notch3,foxo3 -> notch3,0.0567115084285823,0.5,0.4432884915714177,49.849812,1
lumb,map3k1---pik3r1,pik3r1,map3k1,pik3r1 -> map3k1,0.5,0.0634328000566407,0.4365671999433593,38.994214,1
lumb,bmp5---utrn,bmp5,utrn,bmp5 -> utrn,0.0753838355487939,0.5,0.4246161644512061,29.848691,1
lumb,map2k2---men1,men1,map2k2,men1 -> map2k2,0.5,0.0821973549083877,0.4178026450916123,39.760158,1
lumb,ccne1---fancd2,fancd2,ccne1,fancd2 -> ccne1,0.5,0.0854141132079265,0.41458588679207353,31.197864,1
lumb,ccne1---map2k4,map2k4,ccne1,map2k4 -> ccne1,0.5,0.0955204894796802,0.40447951052031983,20.816052,1
lumb,arid2---rpgr,rpgr,arid2,rpgr -> arid2 (weak),0.5,0.104475123432062,0.395524876567938,60.58395,1
lumb,pdgfrb---st7,st7,pdgfrb,st7 -> pdgfrb (weak),0.5,0.106586594523602,0.393413405476398,29.709536,1
lumb,maml1---notch3,maml1,notch3,maml1 -> notch3 (weak),0.109528521461107,0.5,0.39047147853889297,45.716154,1
lumb,bche---map2k2,bche,map2k2,bche -> map2k2 (weak),0.110270074185963,0.5,0.389729925814037,18.171238,1
lumb,nt5e---syne1,syne1,nt5e,syne1 -> nt5e (weak),0.5,0.112609112606547,0.387390887393453,120.251188,1
lumb,epcam---kdm5a,kdm5a,epcam,kdm5a -> epcam (weak),0.5,0.114316591704308,0.38568340829569203,60.441557,1
lumb,akap9---epcam,akap9,epcam,akap9 -> epcam (weak),0.114322077830841,0.5,0.38567792216915897,25.277423,1
lumb,epcam---erbb4,erbb4,epcam,erbb4 -> epcam (weak),0.5,0.11432832518701,0.38567167481299003,30.301463,1
lumb,itgav---mapk6,itgav,mapk6,itgav -> mapk6 (weak),0.114409793648656,0.5,0.385590206351344,55.950736,1
lumb,nras---nt5e,nras,nt5e,nras -> nt5e (weak),0.11557484794849,0.5,0.38442515205151,33.379719,1
lumb,gata3---nt5e,gata3,nt5e,gata3 -> nt5e (weak),0.117651513951417,0.5,0.382348486048583,43.853789,1
lumb,ar---ncor2,ar,ncor2,ar -> ncor2 (weak),0.118264498604914,0.5,0.381735501395086,18.679075,1
lumb,pik3r1---runx1,pik3r1,runx1,pik3r1 -> runx1 (weak),0.12720817099486,0.5,0.37279182900513996,17.31874,1
lumb,setd2---tnk2,tnk2,setd2,tnk2 -> setd2 (weak),0.5,0.129134030365225,0.37086596963477503,63.946822,1
lumb,ncor2---smarcd1,smarcd1,ncor2,smarcd1 -> ncor2 (weak),0.5,0.130551264052373,0.369448735947627,29.823474,1
lumb,cbfb---nt5e,cbfb,nt5e,cbfb -> nt5e (weak),0.13613741955341,0.5,0.36386258044659003,38.487936,1
lumb,epcam---prkcq,prkcq,epcam,prkcq -> epcam (weak),0.5,0.141024743797133,0.35897525620286697,24.226565,1
lumb,herc2---setd2,herc2,setd2,herc2 -> setd2 (weak),0.151992108117451,0.5,0.348007891882549,30.456574,1
lumb,jak1---slc19a1,slc19a1,jak1,slc19a1 -> jak1 (weak),0.5,0.152907555115494,0.34709244488450597,24.097877,1
lumb,asxl2---taf1,taf1,asxl2,taf1 -> asxl2 (weak),0.5,0.155100157822968,0.344899842177032,27.26103,1
lumb,epcam---thsd7a,epcam,thsd7a,epcam -> thsd7a (weak),0.160015395027615,0.5,0.33998460497238503,32.064894,1
lumb,cdkn1a---map2k1,cdkn1a,map2k1,cdkn1a -> map2k1 (weak),0.16384164671455,0.5,0.33615835328544996,16.53428,1
lumb,jak1---nf2,nf2,jak1,nf2 -> jak1 (weak),0.5,0.168361468416,0.33163853158400003,26.550753,1
lumb,numbl---prkg1,prkg1,numbl,prkg1 -> numbl (weak),0.5,0.186057749913989,0.313942250086011,23.613085,1
